{
  "id": "de060722-6fc5-bffb-4b57-87266fcdba76",
  "name": "InComm Account Management",
  "values": [
    {
      "enabled": true,
      "key": "domain",
      "value": "https://incomm-act-mgt.appspot.com/",
      "type": "text"
    },
    {
      "enabled": true,
      "key": "authorizationToken",
      "value": "<paste your token here>",
      "type": "text"
    }
  ],
  "timestamp": 1506970427146,
  "_postman_variable_scope": "environment",
  "_postman_exported_at": "2017-10-02T18:53:54.594Z",
  "_postman_exported_using": "Postman/5.2.1"
}